<?xml version="1.0" encoding="UTF-8"?>
<project-private xmlns="http://www.netbeans.org/ns/project-private/1">
    <editor-bookmarks xmlns="http://www.netbeans.org/ns/editor-bookmarks/2" lastBookmarkId="0"/>
    <open-files xmlns="http://www.netbeans.org/ns/projectui-open-files/2">
        <group>
            <file>file:/D:/Users/ejose/Documents/Github/CSSECDV/Case%20Study%201/CSSECDV%20MP/src/View/Login.java</file>
            <file>file:/D:/Users/ejose/Documents/Github/CSSECDV/Case%20Study%201/CSSECDV%20MP/src/Controller/SQLite.java</file>
            <file>file:/D:/Users/ejose/Documents/Github/CSSECDV/Case%20Study%201/CSSECDV%20MP/src/Controller/Main.java</file>
            <file>file:/D:/Users/ejose/Documents/Github/CSSECDV/Case%20Study%201/CSSECDV%20MP/src/View/Register.java</file>
        </group>
    </open-files>
</project-private>
